Strategy,CAGR,Vol,Sharpe,MaxDD
Rolling_MaxSharpe,0.09932148919476691,0.15934691650734403,0.6738629308678483,-0.16833832287379835
EqualWeight_proxy,0.023997903119435948,0.14566614592211882,0.2355339164712177,-0.21230384170838346
