Model,RMSE,MAE,R2,Directional_Acc
LinearRegression,0.00988933454648684,0.007192628764987319,-0.04400531874159408,0.5246753246753246
XGBoost,0.010686557731994879,0.007606152389628046,-0.2191137961179661,0.5168831168831168
